{
  "success": true,
  "timestamp": 1668761523,
  "source": "USD",
  "quotes": {
      "USDAED": 3.67299,
      "USDAFN": 88.470143,
      "USDALL": 112.945533,
      "USDAMD": 394.64941,
      "USDANG": 1.798237,
      "USDAOA": 506.207302,
      "USDARS": 162.782897,
      "USDAUD": 1.492799,
      "USDAWG": 1.8025,
      "USDAZN": 1.701145,
      "USDBAM": 1.886192,
      "USDBBD": 2.014678,
      "USDBDT": 102.775045,
      "USDBGN": 1.88937,
      "USDBHD": 0.37695,
      "USDBIF": 2064.824101,
      "USDBMD": 1,
      "USDBND": 1.372859,
      "USDBOB": 6.894872,
      "USDBRL": 5.423203,
      "USDBSD": 0.997816,
      "USDBTC": 5.9853635e-05,
      "USDBTN": 81.422165,
      "USDBWP": 12.975235,
      "USDBYN": 2.519492,
      "USDBYR": 19600,
      "USDBZD": 2.011283,
      "USDCAD": 1.334215,
      "USDCDF": 2046.999716,
      "USDCHF": 0.95183,
      "USDCLF": 0.033403,
      "USDCLP": 921.697614,
      "USDCNY": 7.128201,
      "USDCOP": 5000.92,
      "USDCRC": 609.570282,
      "USDCUC": 1,
      "USDCUP": 26.5,
      "USDCVE": 106.338453,
      "USDCZK": 23.546986,
      "USDDJF": 177.624124,
      "USDDKK": 7.186379,
      "USDDOP": 54.348728,
      "USDDZD": 138.96296,
      "USDEGP": 24.513596,
      "USDERN": 15,
      "USDETB": 53.291609,
      "USDEUR": 0.966135,
      "USDFJD": 2.226705,
      "USDFKP": 0.846922,
      "USDGBP": 0.84138,
      "USDGEL": 2.720271,
      "USDGGP": 0.846922,
      "USDGHS": 14.46812,
      "USDGIP": 0.846922,
      "USDGMD": 61.550262,
      "USDGNF": 8595.358526,
      "USDGTQ": 7.788638,
      "USDGYD": 208.759469,
      "USDHKD": 7.823115,
      "USDHNL": 24.65838,
      "USDHRK": 7.275297,
      "USDHTG": 136.695726,
      "USDHUF": 396.609997,
      "USDIDR": 15691.15,
      "USDILS": 3.47879,
      "USDIMP": 0.846922,
      "USDINR": 81.76325,
      "USDIQD": 1456.312927,
      "USDIRR": 42349.999948,
      "USDISK": 143.860447,
      "USDJEP": 0.846922,
      "USDJMD": 153.636074,
      "USDJOD": 0.709901,
      "USDJPY": 140.187988,
      "USDKES": 122.146685,
      "USDKGS": 84.449904,
      "USDKHR": 4130.824718,
      "USDKMF": 475.999834,
      "USDKPW": 900.019474,
      "USDKRW": 1341.909751,
      "USDKWD": 0.307905,
      "USDKYD": 0.831501,
      "USDKZT": 457.258033,
      "USDLAK": 17254.022673,
      "USDLBP": 1508.840789,
      "USDLKR": 366.68859,
      "USDLRD": 153.999638,
      "USDLSL": 17.36957,
      "USDLTL": 2.95274,
      "USDLVL": 0.60489,
      "USDLYD": 4.879818,
      "USDMAD": 10.69455,
      "USDMDL": 19.107667,
      "USDMGA": 4287.879957,
      "USDMKD": 59.42117,
      "USDMMK": 2095.332221,
      "USDMNT": 3416.20023,
      "USDMOP": 8.043822,
      "USDMRO": 356.999828,
      "USDMUR": 43.695839,
      "USDMVR": 15.414983,
      "USDMWK": 1024.153294,
      "USDMXN": 19.469197,
      "USDMYR": 4.5538,
      "USDMZN": 63.829975,
      "USDNAD": 17.370522,
      "USDNGN": 442.350359,
      "USDNIO": 35.914597,
      "USDNOK": 10.129925,
      "USDNPR": 130.263171,
      "USDNZD": 1.621595,
      "USDOMR": 0.38498,
      "USDPAB": 0.997753,
      "USDPEN": 3.825464,
      "USDPGK": 3.515758,
      "USDPHP": 57.301497,
      "USDPKR": 222.130169,
      "USDPLN": 4.54765,
      "USDPYG": 7121.144907,
      "USDQAR": 3.640497,
      "USDRON": 4.7672,
      "USDRSD": 113.264974,
      "USDRUB": 60.394999,
      "USDRWF": 1049.914655,
      "USDSAR": 3.758618,
      "USDSBD": 8.230592,
      "USDSCR": 13.313755,
      "USDSDG": 568.5039,
      "USDSEK": 10.616785,
      "USDSGD": 1.374565,
      "USDSHP": 1.377402,
      "USDSLE": 19.040106,
      "USDSLL": 18025.00013,
      "USDSOS": 568.510419,
      "USDSRD": 30.466014,
      "USDSTD": 20697.981008,
      "USDSVC": 8.730664,
      "USDSYP": 2512.538826,
      "USDSZL": 17.423719,
      "USDTHB": 35.842497,
      "USDTJS": 10.058542,
      "USDTMT": 3.51,
      "USDTND": 3.164503,
      "USDTOP": 2.37235,
      "USDTRY": 18.6206,
      "USDTTD": 6.772815,
      "USDTWD": 31.137698,
      "USDTZS": 2331.99974,
      "USDUAH": 36.836619,
      "USDUGX": 3731.767179,
      "USDUYU": 39.641221,
      "USDUZS": 11183.697874,
      "USDUSD": 1,
      "USDVEF": 953888.462194,
      "USDVES": 9.41775,
      "USDVND": 24816,
      "USDVUV": 118.973854,
      "USDWST": 2.749323,
      "USDXAF": 632.570855,
      "USDXAG": 0.047393,
      "USDXAU": 0.000568,
      "USDXCD": 2.70255,
      "USDXDR": 0.75866,
      "USDXOF": 632.573906,
      "USDXPF": 115.650246,
      "USDYER": 250.275021,
      "USDZAR": 17.37675,
      "USDZMK": 9001.198216,
      "USDZMW": 16.588327,
      "USDZWL": 321.999592
  }
}